Ativo,ARIMA,Drift,Naive,Prophet
ITUB4,-0.0185317177476835,-0.0228082679971489,-0.0007127583749108,-0.0192444761225944
PETR4,-0.0208633093525179,-0.0201438848920863,-0.0151079136690647,-0.0330935251798561
VALE3,-0.0024271844660194,-0.0008090614886731,-0.0072815533980583,-0.0202265372168284
