fold,accuracy_direcional,accuracy,f1_score,mcc
1,0.4810126582278481,0.4810126582278481,0.6495726495726496,0.0
2,0.5016393442622951,0.5016393442622951,0.6681222707423581,0.0
3,0.49122807017543857,0.49122807017543857,0.577259475218659,-0.000385353886032022
4,0.4444444444444444,0.4444444444444444,0.6153846153846154,0.0
5,0.45588235294117646,0.45588235294117646,0.0,0.0
