Ativo,Baseline,N_Folds,N_Teste,accuracy,balanced_accuracy,f1_score,mcc,accuracy_direcional
ITUB4,Naive,5,2379,0.4899732620320856,0.49796623994075806,0.5986322987901105,-0.004946500994373584,0.4899732620320856
ITUB4,Drift,5,2379,0.4899732620320856,0.49796623994075806,0.5986322987901105,-0.004946500994373584,0.4899732620320856
ITUB4,ARIMA,5,2379,0.49064171122994654,0.498653997849974,0.5993690851735016,-0.0032774394360817563,0.49064171122994654
ITUB4,Prophet,5,2379,0.5066844919786097,0.507009049069604,0.5053619302949062,0.014016192882976891,0.5066844919786097
