fold,accuracy_direcional,f1_score,mcc,proba_mean,proba_std
1,0.4810126582278481,0.6495726495726496,0.0,0.5323312282562256,0.005514835007488728
2,0.5016393442622951,0.6681222707423581,0.0,0.5663227438926697,0.006908233277499676
3,0.49122807017543857,0.577259475218659,-0.000385353886032022,0.508306622505188,0.01178649440407753
4,0.4444444444444444,0.6153846153846154,0.0,0.5592501759529114,0.005857060197740793
5,0.45588235294117646,0.0,0.0,0.4190729856491089,0.00408950075507164
