Ativo,Baseline,N_Folds,N_Teste,accuracy,balanced_accuracy,f1_score,mcc,accuracy_direcional
PETR4,Naive,5,2353,0.48875,0.48848357575558715,0.5787847579814624,-0.025461743191851675,0.48875
PETR4,Drift,5,2353,0.499375,0.4988828107543918,0.6409681757059614,-0.0036253831369261083,0.499375
PETR4,ARIMA,5,2353,0.504375,0.5038296934838961,0.6550674206176599,0.015675726105595533,0.504375
PETR4,Prophet,5,2353,0.514375,0.5141609596264994,0.5856,0.03014514069713945,0.514375
