fold,accuracy_direcional,accuracy,f1_score,mcc
1,0.4877450980392157,0.4877450980392157,0.6556836902800659,0.0
2,0.5038167938931297,0.5038167938931297,0.6700507614213198,0.0
3,0.47151898734177217,0.47151898734177217,0.0,0.0
4,0.4470046082949309,0.4470046082949309,0.6178343949044586,0.0
5,0.5147058823529411,0.5147058823529411,0.0,0.0
