fold,accuracy_direcional,f1_score,mcc,proba_mean,proba_std
1,0.4877450980392157,0.6556836902800659,0.0,0.5203288793563843,0.003964674659073353
2,0.5038167938931297,0.6700507614213198,0.0,0.5829079747200012,0.006291951984167099
3,0.47151898734177217,0.0,0.0,0.36831051111221313,0.004735013470053673
4,0.4470046082949309,0.6178343949044586,0.0,0.5364769101142883,0.0024715547915548086
5,0.5147058823529411,0.0,0.0,0.49541717767715454,0.001462441054172814
