fold,accuracy_direcional,f1_score,mcc,proba_mean,proba_std
1,0.5309734513274337,0.4111111111111111,0.06996686402567766,0.4919414520263672,0.011924210004508495
2,0.5202020202020202,0.0,0.0,0.48414120078086853,0.0019981120713055134
3,0.5231788079470199,0.6869565217391305,0.0,0.5567338466644287,0.0020828929264098406
4,0.4875,0.6554621848739496,0.0,0.5231719613075256,0.004675195552408695
