fold,accuracy_direcional,accuracy,f1_score,mcc
1,0.5309734513274337,0.5309734513274337,0.4111111111111111,0.06996686402567766
2,0.5202020202020202,0.5202020202020202,0.0,0.0
3,0.5231788079470199,0.5231788079470199,0.6869565217391305,0.0
4,0.4875,0.4875,0.6554621848739496,0.0
