fold,accuracy_direcional,accuracy,f1_score,mcc
1,0.5122549019607843,0.5122549019607843,0.0,0.0
2,0.4961832061068702,0.4961832061068702,0.0,0.0
3,0.5284810126582279,0.5284810126582279,0.6915113871635611,0.0
4,0.4470046082949309,0.4470046082949309,0.6178343949044586,0.0
5,0.4852941176470588,0.4852941176470588,0.6534653465346535,0.0
