fold,accuracy_direcional,accuracy,f1_score,mcc
1,0.4746268656716418,0.4746268656716418,0.639344262295082,0.04816857521453407
2,0.5,0.5,0.28125,0.0
3,0.5019011406844106,0.5019011406844106,0.6683544303797468,0.0
4,0.4840182648401826,0.4840182648401826,0.6523076923076923,0.0
5,0.4318181818181818,0.4318181818181818,0.0,0.0
