Baseline,N_Folds,N_Teste,accuracy,balanced_accuracy,f1_score,mcc,accuracy_direcional
Naive,5,2388,0.5050196420776953,0.5009021514425276,0.31521739130434784,0.0021419569272338847,0.5050196420776953
Drift,5,2388,0.49759930161501525,0.49924954111096886,0.5434351447838159,-0.00153704853881983,0.49759930161501525
ARIMA,5,2388,0.4836316019205587,0.4878531616082155,0.5930512555899553,-0.02915511117051253,0.4836316019205587
Prophet,5,2388,0.5050196420776953,0.5059979540562132,0.531404958677686,0.012093821009496806,0.5050196420776953
