fold,accuracy_direcional,f1_score,mcc,proba_mean,proba_std
1,0.48360655737704916,0.6519337016574586,0.0,0.5240321755409241,0.004939489997923374
2,0.5030120481927711,0.6693386773547094,0.0,0.5593500137329102,0.0026190774515271187
3,0.5494505494505495,0.5393258426966292,0.10179380357902355,0.5000989437103271,0.004467937629669905
4,0.49433962264150944,0.0,0.0,0.4301932752132416,0.010237522423267365
