fold,accuracy_direcional,accuracy,f1_score,mcc
1,0.5313432835820896,0.5313432835820896,0.0,0.0
2,0.5,0.5,0.0,0.0
3,0.49809885931558934,0.49809885931558934,0.0,0.0
4,0.4840182648401826,0.4840182648401826,0.6343042071197411,-0.008978170783874665
5,0.5681818181818182,0.5681818181818182,0.7246376811594203,0.0
