fold,accuracy_direcional,accuracy,f1_score,mcc
1,0.5483193277310925,0.5483193277310925,0.22939068100358423,0.05125419349367985
2,0.5211864406779662,0.5211864406779662,0.25165562913907286,0.030278541369642187
3,0.5364806866952789,0.5364806866952789,0.42857142857142855,0.06517052372130806
4,0.4823008849557522,0.4823008849557522,0.09302325581395349,-0.041265903547283794
5,0.4051724137931034,0.4051724137931034,0.18823529411764706,-0.16144709011706643
