Ativo,Baseline,N_Folds,N_Teste,accuracy,balanced_accuracy,f1_score,mcc,accuracy_direcional
VALE3,Naive,5,2368,0.5152374202693125,0.5180535628885701,0.605080831408776,0.04083140426920319,0.5152374202693125
VALE3,Drift,5,2368,0.5003543586109143,0.5043212406913985,0.6223888591322978,0.011481602188075821,0.5003543586109143
VALE3,ARIMA,5,2368,0.49326718639262934,0.49461979913916787,0.5419602818705958,-0.011041890749215383,0.49326718639262934
VALE3,Prophet,5,2368,0.48405386250885896,0.48543075766892124,0.5345268542199488,-0.029931153832633204,0.48405386250885896
