fold,accuracy_direcional,accuracy,f1_score,mcc
1,0.48360655737704916,0.48360655737704916,0.6519337016574586,0.0
2,0.5030120481927711,0.5030120481927711,0.6693386773547094,0.0
3,0.5494505494505495,0.5494505494505495,0.5393258426966292,0.10179380357902355
4,0.49433962264150944,0.49433962264150944,0.0,0.0
